COOPID, YEAR, MONTH, DAY, precipitation
89566,2020,1,1,0.00000
89566,2020,1,2,0.00000
89566,2020,1,3,0.07000
89566,2020,1,4,0.42000
89566,2020,1,5,0.00000
89566,2020,1,6,0.00000
89566,2020,1,7,0.00000
89566,2020,1,8,0.00000
89566,2020,1,9,-99.99000
89566,2020,1,10,0.00000
89566,2020,1,11,0.00000
89566,2020,1,12,0.45000
89566,2020,1,13,0.00000
89566,2020,1,14,0.00000
89566,2020,1,15,0.00000
89566,2020,1,16,0.00000
89566,2020,1,17,0.00000
89566,2020,1,18,0.00000
89566,2020,1,19,0.27000
89566,2020,1,20,0.00000
89566,2020,1,21,0.00000
89566,2020,1,22,0.00000
89566,2020,1,23,0.00000
89566,2020,1,24,0.38000
89566,2020,1,25,0.00000
89566,2020,1,26,0.00000
89566,2020,1,27,0.07000
89566,2020,1,28,0.00000
89566,2020,1,29,0.00000
89566,2020,1,30,0.39000
89566,2020,1,31,0.00000
89566,2020,2,1,0.18000
89566,2020,2,2,0.19000
89566,2020,2,3,0.00000
89566,2020,2,4,0.00000
89566,2020,2,5,0.00000
89566,2020,2,6,0.00000
89566,2020,2,7,1.45000
89566,2020,2,8,0.00000
89566,2020,2,9,0.00000
89566,2020,2,10,0.00000
89566,2020,2,11,0.00000
89566,2020,2,12,0.00000
89566,2020,2,13,0.00000
89566,2020,2,14,0.60000
89566,2020,2,15,0.00000
89566,2020,2,16,0.00000
89566,2020,2,17,0.15000
89566,2020,2,18,0.00000
89566,2020,2,19,0.00000
89566,2020,2,20,0.00000
89566,2020,2,21,0.45000
89566,2020,2,22,0.00000
89566,2020,2,23,0.00000
89566,2020,2,24,0.00000
89566,2020,2,25,1.25000
89566,2020,2,26,0.81000
89566,2020,2,27,0.03000
89566,2020,2,28,-99.99000
89566,2020,2,29,0.00000
89566,2020,3,1,0.00000
89566,2020,3,2,0.00000
89566,2020,3,3,0.00000
89566,2020,3,4,0.00000
89566,2020,3,5,0.17000
89566,2020,3,6,0.05000
89566,2020,3,7,0.00000
89566,2020,3,8,0.00000
89566,2020,3,9,0.00000
89566,2020,3,10,0.00000
89566,2020,3,11,0.05000
89566,2020,3,12,0.00000
89566,2020,3,13,0.00000
89566,2020,3,14,0.00000
89566,2020,3,15,0.00000
89566,2020,3,16,0.00000
89566,2020,3,17,0.00000
89566,2020,3,18,0.00000
89566,2020,3,19,0.00000
89566,2020,3,20,0.00000
89566,2020,3,21,0.00000
89566,2020,3,22,0.05000
89566,2020,3,23,0.00000
89566,2020,3,24,0.00000
89566,2020,3,25,0.00000
89566,2020,3,26,0.00000
89566,2020,3,27,0.00000
89566,2020,3,28,0.00000
89566,2020,3,29,0.00000
89566,2020,3,30,0.00000
89566,2020,3,31,0.00000
89566,2020,4,1,0.35000
89566,2020,4,2,0.00000
89566,2020,4,3,0.00000
89566,2020,4,4,0.00000
89566,2020,4,5,0.05000
89566,2020,4,6,0.03000
89566,2020,4,7,0.00000
89566,2020,4,8,0.00000
89566,2020,4,9,0.00000
89566,2020,4,10,0.03000
89566,2020,4,11,0.00000
89566,2020,4,12,0.00000
89566,2020,4,13,0.40000
89566,2020,4,14,0.07000
89566,2020,4,15,0.75000
89566,2020,4,16,0.00000
89566,2020,4,17,0.00000
89566,2020,4,18,0.02000
89566,2020,4,19,0.40000
89566,2020,4,20,0.85000
89566,2020,4,21,0.00000
89566,2020,4,22,0.00000
89566,2020,4,23,0.00000
89566,2020,4,24,0.70000
89566,2020,4,25,0.00000
89566,2020,4,26,0.00000
89566,2020,4,27,0.00000
89566,2020,4,28,0.00000
89566,2020,4,29,0.00000
89566,2020,4,30,1.98000
89566,2020,5,1,0.00000
89566,2020,5,2,0.00000
89566,2020,5,3,0.00000
89566,2020,5,4,0.00000
89566,2020,5,5,0.00000
89566,2020,5,6,0.00000
89566,2020,5,7,0.00000
89566,2020,5,8,0.00000
89566,2020,5,9,0.00000
89566,2020,5,10,0.00000
89566,2020,5,11,0.00000
89566,2020,5,12,0.00000
89566,2020,5,13,0.00000
89566,2020,5,14,0.00000
89566,2020,5,15,0.00000
89566,2020,5,16,0.00000
89566,2020,5,17,0.00000
89566,2020,5,18,0.40000
89566,2020,5,19,0.15000
89566,2020,5,20,0.00000
89566,2020,5,21,1.85000
89566,2020,5,22,0.10000
89566,2020,5,23,0.00000
89566,2020,5,24,0.15000
89566,2020,5,25,0.00000
89566,2020,5,26,0.20000
89566,2020,5,27,5.33000
89566,2020,5,28,0.00000
89566,2020,5,29,0.00000
89566,2020,5,30,0.55000
89566,2020,5,31,0.93000
89566,2020,6,1,0.00000
89566,2020,6,2,0.20000
89566,2020,6,3,0.00000
89566,2020,6,4,0.15000
89566,2020,6,5,0.00000
89566,2020,6,6,0.00000
89566,2020,6,7,2.25000
89566,2020,6,8,0.20000
89566,2020,6,9,0.00000
89566,2020,6,10,0.68000
89566,2020,6,11,-99.99000
89566,2020,6,12,1.05000
89566,2020,6,13,0.00000
89566,2020,6,14,0.00000
89566,2020,6,15,0.00000
89566,2020,6,16,0.00000
89566,2020,6,17,-99.99000
89566,2020,6,18,0.00000
89566,2020,6,19,0.00000
89566,2020,6,20,0.00000
89566,2020,6,21,0.00000
89566,2020,6,22,0.00000
89566,2020,6,23,-99.99000
89566,2020,6,24,0.20000
89566,2020,6,25,0.00000
89566,2020,6,26,-99.99000
89566,2020,6,27,-99.99000
89566,2020,6,28,-99.99000
89566,2020,6,29,-99.99000
89566,2020,6,30,-99.99000
89566,2020,7,1,0.00000
89566,2020,7,2,0.85000
89566,2020,7,3,0.00000
89566,2020,7,4,0.00000
89566,2020,7,5,3.04000
89566,2020,7,6,1.35000
89566,2020,7,7,0.35000
89566,2020,7,8,0.70000
89566,2020,7,9,0.00000
89566,2020,7,10,1.36000
89566,2020,7,11,0.00000
89566,2020,7,12,0.00000
89566,2020,7,13,0.05000
89566,2020,7,14,0.50000
89566,2020,7,15,0.00000
89566,2020,7,16,0.00000
89566,2020,7,17,0.00000
89566,2020,7,18,0.40000
89566,2020,7,19,0.30000
89566,2020,7,20,0.10000
89566,2020,7,21,0.40000
89566,2020,7,22,0.55000
89566,2020,7,23,0.50000
89566,2020,7,24,1.05000
89566,2020,7,25,-99.99000
89566,2020,7,26,-99.99000
89566,2020,7,27,-99.99000
89566,2020,7,28,0.08000
89566,2020,7,29,0.97000
89566,2020,7,30,0.00000
89566,2020,7,31,0.00000
89566,2020,8,1,0.00000
89566,2020,8,2,0.00000
89566,2020,8,3,0.00000
89566,2020,8,4,0.00000
89566,2020,8,5,-99.99000
89566,2020,8,6,0.00000
89566,2020,8,7,0.00000
89566,2020,8,8,0.00000
89566,2020,8,9,0.35000
89566,2020,8,10,0.00000
89566,2020,8,11,0.50000
89566,2020,8,12,0.55000
89566,2020,8,13,0.00000
89566,2020,8,14,0.45000
89566,2020,8,15,0.33000
89566,2020,8,16,0.07000
89566,2020,8,17,0.00000
89566,2020,8,18,0.00000
89566,2020,8,19,0.68000
89566,2020,8,20,0.00000
89566,2020,8,21,0.62000
89566,2020,8,22,0.00000
89566,2020,8,23,0.03000
89566,2020,8,24,1.30000
89566,2020,8,25,1.55000
89566,2020,8,26,0.00000
89566,2020,8,27,0.00000
89566,2020,8,28,0.30000
89566,2020,8,29,1.06000
89566,2020,8,30,1.40000
89566,2020,8,31,0.75000
89566,2020,9,1,0.40000
89566,2020,9,2,0.35000
89566,2020,9,3,0.00000
89566,2020,9,4,0.00000
89566,2020,9,5,0.00000
89566,2020,9,6,0.00000
89566,2020,9,7,0.00000
89566,2020,9,8,0.25000
89566,2020,9,9,0.00000
89566,2020,9,10,-99.99000
89566,2020,9,11,0.38000
89566,2020,9,12,0.42000
89566,2020,9,13,0.60000
89566,2020,9,14,0.95000
89566,2020,9,15,2.05000
89566,2020,9,16,6.25000
89566,2020,9,17,1.30000
89566,2020,9,18,0.00000
89566,2020,9,19,0.00000
89566,2020,9,20,0.00000
89566,2020,9,21,0.05000
89566,2020,9,22,0.00000
89566,2020,9,23,-99.99000
89566,2020,9,24,0.00000
89566,2020,9,25,1.05000
89566,2020,9,26,0.00000
89566,2020,9,27,0.00000
89566,2020,9,28,1.17000
89566,2020,9,29,0.00000
89566,2020,9,30,-99.99000
89566,2020,10,1,0.00000
89566,2020,10,2,0.00000
89566,2020,10,3,0.00000
89566,2020,10,4,0.00000
89566,2020,10,5,0.00000
89566,2020,10,6,0.00000
89566,2020,10,7,-99.99000
89566,2020,10,8,0.05000
89566,2020,10,9,0.00000
89566,2020,10,10,0.00000
89566,2020,10,11,0.12000
89566,2020,10,12,0.00000
89566,2020,10,13,0.00000
89566,2020,10,14,-99.99000
89566,2020,10,15,0.00000
89566,2020,10,16,0.00000
89566,2020,10,17,0.00000
89566,2020,10,18,0.00000
89566,2020,10,19,0.00000
89566,2020,10,20,0.00000
89566,2020,10,21,0.00000
89566,2020,10,22,0.20000
89566,2020,10,23,0.07000
89566,2020,10,24,0.00000
89566,2020,10,25,2.00000
89566,2020,10,26,0.00000
89566,2020,10,27,0.00000
89566,2020,10,28,0.20000
89566,2020,10,29,0.65000
89566,2020,10,30,0.20000
89566,2020,10,31,0.00000
89566,2020,11,1,0.00000
89566,2020,11,2,0.00000
89566,2020,11,3,0.00000
89566,2020,11,4,0.00000
89566,2020,11,5,-99.99000
89566,2020,11,6,0.00000
89566,2020,11,7,0.00000
89566,2020,11,8,0.00000
89566,2020,11,9,0.00000
89566,2020,11,10,0.05000
89566,2020,11,11,0.32000
89566,2020,11,12,0.00000
89566,2020,11,13,-99.99000
89566,2020,11,14,0.00000
89566,2020,11,15,0.00000
89566,2020,11,16,0.00000
89566,2020,11,17,0.00000
89566,2020,11,18,0.00000
89566,2020,11,19,0.00000
89566,2020,11,20,0.00000
89566,2020,11,21,0.00000
89566,2020,11,22,0.00000
89566,2020,11,23,0.00000
89566,2020,11,24,0.00000
89566,2020,11,25,0.00000
89566,2020,11,26,0.00000
89566,2020,11,27,0.02000
89566,2020,11,28,0.90000
89566,2020,11,29,0.00000
89566,2020,11,30,0.30000
89566,2020,12,1,0.00000
89566,2020,12,2,-99.99000
89566,2020,12,3,-99.99000
89566,2020,12,4,0.00000
89566,2020,12,5,0.20000
89566,2020,12,6,0.00000
89566,2020,12,7,0.10000
89566,2020,12,8,0.00000
89566,2020,12,9,0.00000
89566,2020,12,10,-99.99000
89566,2020,12,11,0.00000
89566,2020,12,12,0.00000
89566,2020,12,13,0.00000
89566,2020,12,14,0.30000
89566,2020,12,15,0.00000
89566,2020,12,16,0.65000
89566,2020,12,17,0.55000
89566,2020,12,18,0.00000
89566,2020,12,19,0.00000
89566,2020,12,20,0.05000
89566,2020,12,21,0.40000
89566,2020,12,22,0.00000
89566,2020,12,23,0.00000
89566,2020,12,24,0.00000
89566,2020,12,25,1.02000
89566,2020,12,26,0.00000
89566,2020,12,27,0.00000
89566,2020,12,28,0.00000
89566,2020,12,29,0.00000
89566,2020,12,30,0.00000
89566,2020,12,31,0.05000
89566,2021,1,1,0.07000
89566,2021,1,2,2.04000
89566,2021,1,3,0.77000
89566,2021,1,4,0.00000
89566,2021,1,5,0.00000
89566,2021,1,6,0.00000
89566,2021,1,7,0.00000
89566,2021,1,8,0.35000
89566,2021,1,9,0.00000
89566,2021,1,10,0.00000
89566,2021,1,11,0.05000
89566,2021,1,12,0.07000
89566,2021,1,13,0.00000
89566,2021,1,14,0.00000
89566,2021,1,15,0.30000
89566,2021,1,16,0.08000
89566,2021,1,17,0.00000
89566,2021,1,18,0.00000
89566,2021,1,19,0.00000
89566,2021,1,20,0.00000
89566,2021,1,21,0.00000
89566,2021,1,22,0.10000
89566,2021,1,23,0.00000
89566,2021,1,24,0.05000
89566,2021,1,25,0.00000
89566,2021,1,26,0.00000
89566,2021,1,27,0.85000
89566,2021,1,28,0.55000
89566,2021,1,29,0.00000
89566,2021,1,30,0.00000
89566,2021,1,31,0.00000
89566,2021,2,1,0.42000
89566,2021,2,2,0.00000
89566,2021,2,3,0.00000
89566,2021,2,4,0.00000
89566,2021,2,5,0.03000
89566,2021,2,6,0.10000
89566,2021,2,7,0.30000
89566,2021,2,8,0.00000
89566,2021,2,9,0.10000
89566,2021,2,10,0.85000
89566,2021,2,11,-99.99000
89566,2021,2,12,-99.99000
89566,2021,2,13,0.90000
89566,2021,2,14,1.20000
89566,2021,2,15,0.10000
89566,2021,2,16,-99.99000
89566,2021,2,17,-99.99000
89566,2021,2,18,0.02000
89566,2021,2,19,0.85000
89566,2021,2,20,0.00000
89566,2021,2,21,0.00000
89566,2021,2,22,0.00000
89566,2021,2,23,0.10000
89566,2021,2,24,-99.99000
89566,2021,2,25,0.00000
89566,2021,2,26,0.00000
89566,2021,2,27,0.00000
89566,2021,2,28,0.00000
89566,2021,3,1,0.00000
89566,2021,3,2,0.43000
89566,2021,3,3,-99.99000
89566,2021,3,4,-99.99000
89566,2021,3,5,-99.99000
89566,2021,3,6,0.15000
89566,2021,3,7,0.00000
89566,2021,3,8,0.03000
89566,2021,3,9,-99.99000
89566,2021,3,10,0.00000
89566,2021,3,11,0.00000
89566,2021,3,12,0.00000
89566,2021,3,13,0.00000
89566,2021,3,14,0.00000
89566,2021,3,15,0.00000
89566,2021,3,16,-99.99000
89566,2021,3,17,0.00000
89566,2021,3,18,0.65000
89566,2021,3,19,0.05000
89566,2021,3,20,-99.99000
89566,2021,3,21,-99.99000
89566,2021,3,22,-99.99000
89566,2021,3,23,0.00000
89566,2021,3,24,0.03000
89566,2021,3,25,-99.99000
89566,2021,3,26,0.00000
89566,2021,3,27,0.00000
89566,2021,3,28,0.00000
89566,2021,3,29,0.00000
89566,2021,3,30,0.26000
89566,2021,3,31,0.05000
89566,2021,4,1,0.02000
89566,2021,4,2,0.00000
89566,2021,4,3,0.00000
89566,2021,4,4,0.00000
89566,2021,4,5,0.00000
89566,2021,4,6,0.00000
89566,2021,4,7,0.00000
89566,2021,4,8,0.00000
89566,2021,4,9,0.85000
89566,2021,4,10,1.80000
89566,2021,4,11,2.49000
89566,2021,4,12,0.11000
89566,2021,4,13,0.00000
89566,2021,4,14,0.00000
89566,2021,4,15,0.05000
89566,2021,4,16,-99.99000
89566,2021,4,17,1.45000
89566,2021,4,18,1.02000
89566,2021,4,19,0.10000
89566,2021,4,20,0.05000
89566,2021,4,21,0.00000
89566,2021,4,22,0.00000
89566,2021,4,23,0.00000
89566,2021,4,24,0.00000
89566,2021,4,25,0.00000
89566,2021,4,26,0.00000
89566,2021,4,27,-99.99000
89566,2021,4,28,0.00000
89566,2021,4,29,0.00000
89566,2021,4,30,0.00000
89566,2021,5,1,0.00000
89566,2021,5,2,0.00000
89566,2021,5,3,-99.99000
89566,2021,5,4,0.00000
89566,2021,5,5,0.50000
89566,2021,5,6,0.12000
89566,2021,5,7,-99.99000
89566,2021,5,8,0.00000
89566,2021,5,9,0.00000
89566,2021,5,10,0.00000
89566,2021,5,11,0.35000
89566,2021,5,12,0.40000
89566,2021,5,13,0.25000
89566,2021,5,14,0.00000
89566,2021,5,15,0.00000
89566,2021,5,16,0.00000
89566,2021,5,17,0.00000
89566,2021,5,18,0.00000
89566,2021,5,19,-99.99000
89566,2021,5,20,0.00000
89566,2021,5,21,0.00000
89566,2021,5,22,0.00000
89566,2021,5,23,0.00000
89566,2021,5,24,0.00000
89566,2021,5,25,-99.99000
89566,2021,5,26,0.00000
89566,2021,5,27,0.00000
89566,2021,5,28,0.00000
89566,2021,5,29,0.05000
89566,2021,5,30,0.00000
89566,2021,5,31,0.00000
89566,2021,6,1,0.00000
89566,2021,6,2,-99.99000
89566,2021,6,3,0.00000
89566,2021,6,4,0.00000
89566,2021,6,5,0.00000
89566,2021,6,6,0.00000
89566,2021,6,7,0.00000
89566,2021,6,8,0.25000
89566,2021,6,9,0.00000
89566,2021,6,10,0.00000
89566,2021,6,11,0.00000
89566,2021,6,12,0.00000
89566,2021,6,13,0.46000
89566,2021,6,14,0.65000
89566,2021,6,15,0.00000
89566,2021,6,16,1.02000
89566,2021,6,17,0.00000
89566,2021,6,18,0.00000
89566,2021,6,19,0.12000
89566,2021,6,20,3.75000
89566,2021,6,21,0.05000
89566,2021,6,22,-99.99000
89566,2021,6,23,3.00000
89566,2021,6,24,0.95000
89566,2021,6,25,0.60000
89566,2021,6,26,0.15000
89566,2021,6,27,0.00000
89566,2021,6,28,0.18000
89566,2021,6,29,-99.99000
89566,2021,6,30,-99.99000
89566,2021,7,1,0.35000
89566,2021,7,2,0.75000
89566,2021,7,3,1.18000
89566,2021,7,4,0.05000
89566,2021,7,5,0.10000
89566,2021,7,6,0.05000
89566,2021,7,7,0.60000
89566,2021,7,8,0.02000
89566,2021,7,9,0.00000
89566,2021,7,10,1.00000
89566,2021,7,11,0.00000
89566,2021,7,12,0.00000
89566,2021,7,13,-99.99000
89566,2021,7,14,0.05000
89566,2021,7,15,0.00000
89566,2021,7,16,0.00000
89566,2021,7,17,0.00000
89566,2021,7,18,0.05000
89566,2021,7,19,1.10000
89566,2021,7,20,0.20000
89566,2021,7,21,0.45000
89566,2021,7,22,0.17000
89566,2021,7,23,-99.99000
89566,2021,7,24,0.57000
89566,2021,7,25,0.00000
89566,2021,7,26,0.00000
89566,2021,7,27,0.00000
89566,2021,7,28,0.20000
89566,2021,7,29,0.20000
89566,2021,7,30,0.00000
89566,2021,7,31,-99.99000
89566,2021,8,1,0.00000
89566,2021,8,2,0.10000
89566,2021,8,3,0.24000
89566,2021,8,4,0.17000
89566,2021,8,5,1.54000
89566,2021,8,6,-99.99000
89566,2021,8,7,0.00000
89566,2021,8,8,0.00000
89566,2021,8,9,1.17000
89566,2021,8,10,0.00000
89566,2021,8,11,0.00000
89566,2021,8,12,0.00000
89566,2021,8,13,0.15000
89566,2021,8,14,0.05000
89566,2021,8,15,0.00000
89566,2021,8,16,1.85000
89566,2021,8,17,-99.99000
89566,2021,8,18,0.00000
89566,2021,8,19,0.17000
89566,2021,8,20,0.00000
89566,2021,8,21,0.00000
89566,2021,8,22,0.20000
89566,2021,8,23,3.10000
89566,2021,8,24,0.40000
89566,2021,8,25,0.65000
89566,2021,8,26,-99.99000
89566,2021,8,27,0.10000
89566,2021,8,28,1.03000
89566,2021,8,29,0.25000
89566,2021,8,30,0.82000
89566,2021,8,31,0.95000
89566,2021,9,1,1.65000
89566,2021,9,2,0.00000
89566,2021,9,3,-99.99000
89566,2021,9,4,0.51000
89566,2021,9,5,0.01000
89566,2021,9,6,0.00000
89566,2021,9,7,0.00000
89566,2021,9,8,0.50000
89566,2021,9,9,2.95000
89566,2021,9,10,0.05000
89566,2021,9,11,0.00000
89566,2021,9,12,0.00000
89566,2021,9,13,0.00000
89566,2021,9,14,0.00000
89566,2021,9,15,0.20000
89566,2021,9,16,0.85000
89566,2021,9,17,0.90000
89566,2021,9,18,0.10000
89566,2021,9,19,0.10000
89566,2021,9,20,0.45000
89566,2021,9,21,0.00000
89566,2021,9,22,0.17000
89566,2021,9,23,0.00000
89566,2021,9,24,0.00000
89566,2021,9,25,0.00000
89566,2021,9,26,0.00000
89566,2021,9,27,0.00000
89566,2021,9,28,0.00000
89566,2021,9,29,0.00000
89566,2021,9,30,0.40000
89566,2021,10,1,0.00000
89566,2021,10,2,0.00000
89566,2021,10,3,0.00000
89566,2021,10,4,0.15000
89566,2021,10,5,0.95000
89566,2021,10,6,0.30000
89566,2021,10,7,1.20000
89566,2021,10,8,1.00000
89566,2021,10,9,0.00000
89566,2021,10,10,0.00000
89566,2021,10,11,0.00000
89566,2021,10,12,0.00000
89566,2021,10,13,0.00000
89566,2021,10,14,0.00000
89566,2021,10,15,0.00000
89566,2021,10,16,0.00000
89566,2021,10,17,0.07000
89566,2021,10,18,0.00000
89566,2021,10,19,0.00000
89566,2021,10,20,0.00000
89566,2021,10,21,0.00000
89566,2021,10,22,0.15000
89566,2021,10,23,0.00000
89566,2021,10,24,0.00000
89566,2021,10,25,0.25000
89566,2021,10,26,0.05000
89566,2021,10,27,0.00000
89566,2021,10,28,1.10000
89566,2021,10,29,0.05000
89566,2021,10,30,0.08000
89566,2021,10,31,0.00000
89566,2021,11,1,0.00000
89566,2021,11,2,0.00000
89566,2021,11,3,0.00000
89566,2021,11,4,0.00000
89566,2021,11,5,0.10000
89566,2021,11,6,0.07000
89566,2021,11,7,0.00000
89566,2021,11,8,0.00000
89566,2021,11,9,0.00000
89566,2021,11,10,0.00000
89566,2021,11,11,0.00000
89566,2021,11,12,0.05000
89566,2021,11,13,0.00000
89566,2021,11,14,0.00000
89566,2021,11,15,0.00000
89566,2021,11,16,0.00000
89566,2021,11,17,0.00000
89566,2021,11,18,0.00000
89566,2021,11,19,0.00000
89566,2021,11,20,0.00000
89566,2021,11,21,0.00000
89566,2021,11,22,0.00000
89566,2021,11,23,0.02000
89566,2021,11,24,0.00000
89566,2021,11,25,0.00000
89566,2021,11,26,0.01000
89566,2021,11,27,0.00000
89566,2021,11,28,0.00000
89566,2021,11,29,0.00000
89566,2021,11,30,-99.99000
89566,2021,12,1,0.00000
89566,2021,12,2,0.00000
89566,2021,12,3,0.00000
89566,2021,12,4,0.00000
89566,2021,12,5,0.00000
89566,2021,12,6,0.00000
89566,2021,12,7,0.05000
89566,2021,12,8,0.03000
89566,2021,12,9,0.10000
89566,2021,12,10,0.00000
89566,2021,12,11,0.00000
89566,2021,12,12,0.00000
89566,2021,12,13,-99.99000
89566,2021,12,14,0.00000
89566,2021,12,15,0.00000
89566,2021,12,16,0.00000
89566,2021,12,17,-99.99000
89566,2021,12,18,0.00000
89566,2021,12,19,0.73000
89566,2021,12,20,0.12000
89566,2021,12,21,0.18000
89566,2021,12,22,0.05000
89566,2021,12,23,0.00000
89566,2021,12,24,0.00000
89566,2021,12,25,0.00000
89566,2021,12,26,0.00000
89566,2021,12,27,0.00000
89566,2021,12,28,0.00000
89566,2021,12,29,0.00000
89566,2021,12,30,0.00000
89566,2021,12,31,0.00000
89566,2022,1,1,0.00000
89566,2022,1,2,0.00000
89566,2022,1,3,0.27000
89566,2022,1,4,0.00000
89566,2022,1,5,0.00000
89566,2022,1,6,0.00000
89566,2022,1,7,0.10000
89566,2022,1,8,0.00000
89566,2022,1,9,0.00000
89566,2022,1,10,0.50000
89566,2022,1,11,0.00000
89566,2022,1,12,0.00000
89566,2022,1,13,0.00000
89566,2022,1,14,-99.99000
89566,2022,1,15,0.00000
89566,2022,1,16,1.61000
89566,2022,1,17,0.03000
89566,2022,1,18,0.00000
89566,2022,1,19,0.00000
89566,2022,1,20,0.00000
89566,2022,1,21,0.62000
89566,2022,1,22,0.23000
89566,2022,1,23,0.00000
89566,2022,1,24,0.00000
89566,2022,1,25,0.20000
89566,2022,1,26,0.30000
89566,2022,1,27,0.05000
89566,2022,1,28,0.00000
89566,2022,1,29,0.00000
89566,2022,1,30,0.00000
89566,2022,1,31,0.00000
89566,2022,2,1,0.00000
89566,2022,2,2,0.00000
89566,2022,2,3,0.00000
89566,2022,2,4,0.55000
89566,2022,2,5,0.94000
89566,2022,2,6,0.00000
89566,2022,2,7,0.00000
89566,2022,2,8,0.11000
89566,2022,2,9,0.00000
89566,2022,2,10,0.00000
89566,2022,2,11,0.00000
89566,2022,2,12,0.00000
89566,2022,2,13,0.02000
89566,2022,2,14,0.00000
89566,2022,2,15,0.00000
89566,2022,2,16,0.00000
89566,2022,2,17,0.00000
89566,2022,2,18,0.25000
89566,2022,2,19,0.00000
89566,2022,2,20,0.00000
89566,2022,2,21,0.00000
89566,2022,2,22,0.00000
89566,2022,2,23,0.00000
89566,2022,2,24,0.00000
89566,2022,2,25,0.00000
89566,2022,2,26,0.00000
89566,2022,2,27,0.00000
89566,2022,2,28,0.10000
89566,2022,3,1,0.00000
89566,2022,3,2,0.00000
89566,2022,3,3,0.00000
89566,2022,3,4,0.00000
89566,2022,3,5,0.00000
89566,2022,3,6,0.00000
89566,2022,3,7,0.00000
89566,2022,3,8,0.00000
89566,2022,3,9,1.90000
89566,2022,3,10,2.20000
89566,2022,3,11,2.32000
89566,2022,3,12,0.40000
89566,2022,3,13,0.00000
89566,2022,3,14,0.00000
89566,2022,3,15,0.02000
89566,2022,3,16,2.40000
89566,2022,3,17,0.00000
89566,2022,3,18,0.00000
89566,2022,3,19,0.00000
89566,2022,3,20,0.40000
89566,2022,3,21,0.00000
89566,2022,3,22,0.00000
89566,2022,3,23,0.85000
89566,2022,3,24,0.40000
89566,2022,3,25,0.05000
89566,2022,3,26,0.00000
89566,2022,3,27,0.00000
89566,2022,3,28,0.00000
89566,2022,3,29,0.00000
89566,2022,3,30,0.00000
89566,2022,3,31,1.05000
89566,2022,4,1,0.00000
89566,2022,4,2,0.00000
89566,2022,4,3,0.50000
89566,2022,4,4,0.00000
89566,2022,4,5,0.00000
89566,2022,4,6,0.53000
89566,2022,4,7,0.27000
89566,2022,4,8,0.00000
89566,2022,4,9,0.00000
89566,2022,4,10,0.00000
89566,2022,4,11,0.00000
89566,2022,4,12,0.00000
89566,2022,4,13,0.00000
89566,2022,4,14,0.00000
89566,2022,4,15,-99.99000
89566,2022,4,16,0.00000
89566,2022,4,17,0.00000
89566,2022,4,18,0.50000
89566,2022,4,19,0.00000
89566,2022,4,20,0.00000
89566,2022,4,21,0.00000
89566,2022,4,22,-99.99000
89566,2022,4,23,0.00000
89566,2022,4,24,0.00000
89566,2022,4,25,0.00000
89566,2022,4,26,0.00000
89566,2022,4,27,0.00000
89566,2022,4,28,0.00000
89566,2022,4,29,0.00000
89566,2022,4,30,0.00000
89566,2022,5,1,0.00000
89566,2022,5,2,0.00000
89566,2022,5,3,0.00000
89566,2022,5,4,0.00000
89566,2022,5,5,0.00000
89566,2022,5,6,-99.99000
89566,2022,5,7,0.11000
89566,2022,5,8,0.00000
89566,2022,5,9,0.00000
89566,2022,5,10,0.00000
89566,2022,5,11,0.00000
89566,2022,5,12,0.00000
89566,2022,5,13,0.00000
89566,2022,5,14,0.00000
89566,2022,5,15,0.10000
89566,2022,5,16,0.15000
89566,2022,5,17,0.00000
89566,2022,5,18,0.05000
89566,2022,5,19,0.00000
89566,2022,5,20,0.00000
89566,2022,5,21,0.00000
89566,2022,5,22,0.00000
89566,2022,5,23,0.26000
89566,2022,5,24,0.05000
89566,2022,5,25,0.00000
89566,2022,5,26,5.35000
89566,2022,5,27,1.25000
89566,2022,5,28,0.00000
89566,2022,5,29,0.00000
89566,2022,5,30,0.06000
89566,2022,5,31,0.00000
89566,2022,6,1,-99.99000
89566,2022,6,2,-99.99000
89566,2022,6,3,0.00000
89566,2022,6,4,0.00000
89566,2022,6,5,0.28000
89566,2022,6,6,0.20000
89566,2022,6,7,-99.99000
89566,2022,6,8,-99.99000
89566,2022,6,9,-99.99000
89566,2022,6,10,-99.99000
89566,2022,6,11,0.00000
89566,2022,6,12,0.00000
89566,2022,6,13,0.00000
89566,2022,6,14,0.00000
89566,2022,6,15,0.20000
89566,2022,6,16,0.00000
89566,2022,6,17,0.35000
89566,2022,6,18,0.00000
89566,2022,6,19,0.00000
89566,2022,6,20,0.37000
89566,2022,6,21,-99.99000
89566,2022,6,22,-99.99000
89566,2022,6,23,-99.99000
89566,2022,6,24,0.00000
89566,2022,6,25,0.00000
89566,2022,6,26,0.62000
89566,2022,6,27,0.00000
89566,2022,6,28,0.00000
89566,2022,6,29,0.00000
89566,2022,6,30,0.00000
89566,2022,7,1,2.15000
89566,2022,7,2,0.00000
89566,2022,7,3,0.20000
89566,2022,7,4,0.07000
89566,2022,7,5,0.00000
89566,2022,7,6,0.00000
89566,2022,7,7,0.10000
89566,2022,7,8,0.05000
89566,2022,7,9,0.41000
89566,2022,7,10,0.23000
89566,2022,7,11,0.52000
89566,2022,7,12,0.30000
89566,2022,7,13,0.50000
89566,2022,7,14,0.30000
89566,2022,7,15,2.20000
89566,2022,7,16,0.25000
89566,2022,7,17,0.03000
89566,2022,7,18,0.02000
89566,2022,7,19,0.30000
89566,2022,7,20,0.25000
89566,2022,7,21,1.85000
89566,2022,7,22,0.10000
89566,2022,7,23,0.00000
89566,2022,7,24,2.90000
89566,2022,7,25,0.07000
89566,2022,7,26,0.05000
89566,2022,7,27,0.00000
89566,2022,7,28,1.65000
89566,2022,7,29,0.05000
89566,2022,7,30,0.00000
89566,2022,7,31,0.00000
89566,2022,8,1,0.00000
89566,2022,8,2,0.00000
89566,2022,8,3,1.69000
89566,2022,8,4,0.00000
89566,2022,8,5,0.00000
89566,2022,8,6,0.84000
89566,2022,8,7,0.73000
89566,2022,8,8,0.10000
89566,2022,8,9,0.30000
89566,2022,8,10,0.00000
89566,2022,8,11,0.60000
89566,2022,8,12,0.85000
89566,2022,8,13,0.48000
89566,2022,8,14,0.02000
89566,2022,8,15,0.00000
89566,2022,8,16,0.00000
89566,2022,8,17,0.00000
89566,2022,8,18,0.00000
89566,2022,8,19,0.20000
89566,2022,8,20,0.00000
89566,2022,8,21,0.00000
89566,2022,8,22,0.00000
89566,2022,8,23,0.00000
89566,2022,8,24,0.00000
89566,2022,8,25,0.58000
89566,2022,8,26,0.15000
89566,2022,8,27,-99.99000
89566,2022,8,28,-99.99000
89566,2022,8,29,-99.99000
89566,2022,8,30,-99.99000
89566,2022,8,31,-99.99000
89566,2022,9,1,0.48000
89566,2022,9,2,0.11000
89566,2022,9,3,0.40000
89566,2022,9,4,0.00000
89566,2022,9,5,0.10000
89566,2022,9,6,0.23000
89566,2022,9,7,0.10000
89566,2022,9,8,0.05000
89566,2022,9,9,0.40000
89566,2022,9,10,0.60000
89566,2022,9,11,0.20000
89566,2022,9,12,1.58000
89566,2022,9,13,0.00000
89566,2022,9,14,0.00000
89566,2022,9,15,0.00000
89566,2022,9,16,0.00000
89566,2022,9,17,0.00000
89566,2022,9,18,0.00000
89566,2022,9,19,0.00000
89566,2022,9,20,0.00000
89566,2022,9,21,0.00000
89566,2022,9,22,0.00000
89566,2022,9,23,0.00000
89566,2022,9,24,0.00000
89566,2022,9,25,0.00000
89566,2022,9,26,0.00000
89566,2022,9,27,0.00000
89566,2022,9,28,0.00000
89566,2022,9,29,0.00000
89566,2022,9,30,0.00000
89566,2022,10,1,0.00000
89566,2022,10,2,0.00000
89566,2022,10,3,0.00000
89566,2022,10,4,0.00000
89566,2022,10,5,0.00000
89566,2022,10,6,0.00000
89566,2022,10,7,0.00000
89566,2022,10,8,0.00000
89566,2022,10,9,0.00000
89566,2022,10,10,0.00000
89566,2022,10,11,0.00000
89566,2022,10,12,0.00000
89566,2022,10,13,0.17000
89566,2022,10,14,0.00000
89566,2022,10,15,0.00000
89566,2022,10,16,0.00000
89566,2022,10,17,0.00000
89566,2022,10,18,0.00000
89566,2022,10,19,0.00000
89566,2022,10,20,0.00000
89566,2022,10,21,0.00000
89566,2022,10,22,0.00000
89566,2022,10,23,0.00000
89566,2022,10,24,0.00000
89566,2022,10,25,0.00000
89566,2022,10,26,0.35000
89566,2022,10,27,0.00000
89566,2022,10,28,0.00000
89566,2022,10,29,0.00000
89566,2022,10,30,0.00000
89566,2022,10,31,0.30000
89566,2022,11,1,0.00000
89566,2022,11,2,0.00000
89566,2022,11,3,0.00000
89566,2022,11,4,0.00000
89566,2022,11,5,0.00000
89566,2022,11,6,0.00000
89566,2022,11,7,0.00000
89566,2022,11,8,0.00000
89566,2022,11,9,0.00000
89566,2022,11,10,0.00000
89566,2022,11,11,1.66000
89566,2022,11,12,0.00000
89566,2022,11,13,0.00000
89566,2022,11,14,0.00000
89566,2022,11,15,0.05000
89566,2022,11,16,0.05000
89566,2022,11,17,0.00000
89566,2022,11,18,0.00000
89566,2022,11,19,0.00000
89566,2022,11,20,0.20000
89566,2022,11,21,0.00000
89566,2022,11,22,0.00000
89566,2022,11,23,0.00000
89566,2022,11,24,0.00000
89566,2022,11,25,0.00000
89566,2022,11,26,0.00000
89566,2022,11,27,0.80000
89566,2022,11,28,0.10000
89566,2022,11,29,0.00000
89566,2022,11,30,0.10000
89566,2022,12,1,1.12000
89566,2022,12,2,0.00000
89566,2022,12,3,0.00000
89566,2022,12,4,0.00000
89566,2022,12,5,0.10000
89566,2022,12,6,0.00000
89566,2022,12,7,0.00000
89566,2022,12,8,0.00000
89566,2022,12,9,0.00000
89566,2022,12,10,0.00000
89566,2022,12,11,0.00000
89566,2022,12,12,0.05000
89566,2022,12,13,1.25000
89566,2022,12,14,0.00000
89566,2022,12,15,0.80000
89566,2022,12,16,0.00000
89566,2022,12,17,0.00000
89566,2022,12,18,0.00000
89566,2022,12,19,0.00000
89566,2022,12,20,0.05000
89566,2022,12,21,1.15000
89566,2022,12,22,0.05000
89566,2022,12,23,0.07000
89566,2022,12,24,0.00000
89566,2022,12,25,0.00000
89566,2022,12,26,0.00000
89566,2022,12,27,0.00000
89566,2022,12,28,0.00000
89566,2022,12,29,0.00000
89566,2022,12,30,0.00000
89566,2022,12,31,0.57000
89566,2023,1,1,0.26000
89566,2023,1,2,0.00000
89566,2023,1,3,0.00000
89566,2023,1,4,0.00000
89566,2023,1,5,0.17000
89566,2023,1,6,0.00000
89566,2023,1,7,0.00000
89566,2023,1,8,0.00000
89566,2023,1,9,0.00000
89566,2023,1,10,0.00000
89566,2023,1,11,0.00000
89566,2023,1,12,0.15000
89566,2023,1,13,0.20000
89566,2023,1,14,0.00000
89566,2023,1,15,0.00000
89566,2023,1,16,0.00000
89566,2023,1,17,0.00000
89566,2023,1,18,0.15000
89566,2023,1,19,0.00000
89566,2023,1,20,0.00000
89566,2023,1,21,0.00000
89566,2023,1,22,0.26000
89566,2023,1,23,0.33000
89566,2023,1,24,-99.99000
89566,2023,1,25,-99.99000
89566,2023,1,26,-99.99000
89566,2023,1,27,-99.99000
89566,2023,1,28,-99.99000
89566,2023,1,29,-99.99000
89566,2023,1,30,-99.99000
89566,2023,1,31,-99.99000
89566,2023,2,1,0.10000
89566,2023,2,2,0.00000
89566,2023,2,3,0.45000
89566,2023,2,4,0.00000
89566,2023,2,5,0.00000
89566,2023,2,6,0.00000
89566,2023,2,7,0.00000
89566,2023,2,8,0.00000
89566,2023,2,9,0.00000
89566,2023,2,10,0.15000
89566,2023,2,11,1.70000
89566,2023,2,12,0.98000
89566,2023,2,13,0.00000
89566,2023,2,14,0.00000
89566,2023,2,15,0.00000
89566,2023,2,16,0.00000
89566,2023,2,17,0.00000
89566,2023,2,18,0.06000
89566,2023,2,19,0.00000
89566,2023,2,20,0.00000
89566,2023,2,21,0.00000
89566,2023,2,22,0.00000
89566,2023,2,23,0.00000
89566,2023,2,24,0.00000
89566,2023,2,25,0.00000
89566,2023,2,26,0.00000
89566,2023,2,27,0.00000
89566,2023,2,28,0.00000
89566,2023,3,1,0.00000
89566,2023,3,2,0.00000
89566,2023,3,3,0.00000
89566,2023,3,4,0.00000
89566,2023,3,5,0.00000
89566,2023,3,6,0.00000
89566,2023,3,7,0.00000
89566,2023,3,8,0.00000
89566,2023,3,9,0.00000
89566,2023,3,10,0.00000
89566,2023,3,11,0.00000
89566,2023,3,12,0.00000
89566,2023,3,13,2.22000
89566,2023,3,14,0.00000
89566,2023,3,15,0.00000
89566,2023,3,16,0.00000
89566,2023,3,17,0.00000
89566,2023,3,18,0.40000
89566,2023,3,19,0.20000
89566,2023,3,20,0.00000
89566,2023,3,21,0.00000
89566,2023,3,22,0.00000
89566,2023,3,23,0.00000
89566,2023,3,24,0.00000
89566,2023,3,25,0.00000
89566,2023,3,26,0.00000
89566,2023,3,27,0.00000
89566,2023,3,28,-99.99000
89566,2023,3,29,-99.99000
89566,2023,3,30,-99.99000
89566,2023,3,31,-99.99000
89566,2023,4,1,0.00000
89566,2023,4,2,0.00000
89566,2023,4,3,0.00000
89566,2023,4,4,0.00000
89566,2023,4,5,0.00000
89566,2023,4,6,0.00000
89566,2023,4,7,0.00000
89566,2023,4,8,0.00000
89566,2023,4,9,0.28000
89566,2023,4,10,0.00000
89566,2023,4,11,0.08000
89566,2023,4,12,0.00000
89566,2023,4,13,0.25000
89566,2023,4,14,0.00000
89566,2023,4,15,0.00000
89566,2023,4,16,0.63000
89566,2023,4,17,0.00000
89566,2023,4,18,0.00000
89566,2023,4,19,0.00000
89566,2023,4,20,0.00000
89566,2023,4,21,0.00000
89566,2023,4,22,0.05000
89566,2023,4,23,0.00000
89566,2023,4,24,0.00000
89566,2023,4,25,0.00000
89566,2023,4,26,0.10000
89566,2023,4,27,0.00000
89566,2023,4,28,0.75000
89566,2023,4,29,-99.99000
89566,2023,4,30,-99.99000
89566,2023,5,1,0.00000
89566,2023,5,2,0.00000
89566,2023,5,3,0.00000
89566,2023,5,4,0.00000
89566,2023,5,5,0.00000
89566,2023,5,6,0.00000
89566,2023,5,7,0.00000
89566,2023,5,8,0.00000
89566,2023,5,9,0.00000
89566,2023,5,10,0.00000
89566,2023,5,11,0.00000
89566,2023,5,12,0.00000
89566,2023,5,13,0.00000
89566,2023,5,14,0.05000
89566,2023,5,15,0.10000
89566,2023,5,16,1.35000
89566,2023,5,17,0.00000
89566,2023,5,18,0.15000
89566,2023,5,19,0.03000
89566,2023,5,20,0.03000
89566,2023,5,21,0.01000
89566,2023,5,22,0.35000
89566,2023,5,23,0.00000
89566,2023,5,24,0.20000
89566,2023,5,25,0.41000
89566,2023,5,26,0.00000
89566,2023,5,27,0.41000
89566,2023,5,28,0.00000
89566,2023,5,29,0.00000
89566,2023,5,30,0.00000
89566,2023,5,31,0.00000
89566,2023,6,1,0.05000
89566,2023,6,2,0.28000
89566,2023,6,3,0.00000
89566,2023,6,4,0.00000
89566,2023,6,5,0.15000
89566,2023,6,6,0.00000
89566,2023,6,7,0.50000
89566,2023,6,8,0.10000
89566,2023,6,9,0.05000
89566,2023,6,10,1.10000
89566,2023,6,11,0.08000
89566,2023,6,12,0.00000
89566,2023,6,13,0.00000
89566,2023,6,14,0.00000
89566,2023,6,15,0.17000
89566,2023,6,16,0.45000
89566,2023,6,17,0.05000
89566,2023,6,18,0.00000
89566,2023,6,19,0.00000
89566,2023,6,20,1.30000
89566,2023,6,21,0.15000
89566,2023,6,22,1.91000
89566,2023,6,23,0.60000
89566,2023,6,24,0.00000
89566,2023,6,25,0.00000
89566,2023,6,26,0.00000
89566,2023,6,27,0.00000
89566,2023,6,28,0.00000
89566,2023,6,29,0.00000
89566,2023,6,30,0.00000
89566,2023,7,1,0.00000
89566,2023,7,2,0.80000
89566,2023,7,3,0.00000
89566,2023,7,4,0.00000
89566,2023,7,5,0.00000
89566,2023,7,6,0.60000
89566,2023,7,7,0.00000
89566,2023,7,8,0.00000
89566,2023,7,9,0.30000
89566,2023,7,10,0.35000
89566,2023,7,11,0.52000
89566,2023,7,12,0.00000
89566,2023,7,13,0.10000
89566,2023,7,14,1.25000
89566,2023,7,15,0.30000
89566,2023,7,16,0.05000
89566,2023,7,17,0.00000
89566,2023,7,18,0.00000
89566,2023,7,19,0.00000
89566,2023,7,20,0.00000
89566,2023,7,21,0.00000
89566,2023,7,22,0.00000
89566,2023,7,23,0.35000
89566,2023,7,24,0.55000
89566,2023,7,25,0.00000
89566,2023,7,26,0.00000
89566,2023,7,27,0.00000
89566,2023,7,28,0.00000
89566,2023,7,29,0.00000
89566,2023,7,30,0.00000
89566,2023,7,31,0.50000
89566,2023,8,1,0.00000
89566,2023,8,2,0.00000
89566,2023,8,3,0.00000
89566,2023,8,4,0.00000
89566,2023,8,5,0.00000
89566,2023,8,6,0.05000
89566,2023,8,7,0.00000
89566,2023,8,8,0.00000
89566,2023,8,9,0.00000
89566,2023,8,10,0.00000
89566,2023,8,11,0.00000
89566,2023,8,12,0.10000
89566,2023,8,13,0.00000
89566,2023,8,14,0.03000
89566,2023,8,15,0.20000
89566,2023,8,16,0.00000
89566,2023,8,17,0.00000
89566,2023,8,18,0.00000
89566,2023,8,19,0.00000
89566,2023,8,20,0.00000
89566,2023,8,21,0.00000
89566,2023,8,22,0.00000
89566,2023,8,23,0.00000
89566,2023,8,24,0.00000
89566,2023,8,25,0.00000
89566,2023,8,26,0.04000
89566,2023,8,27,0.02000
89566,2023,8,28,0.11000
89566,2023,8,29,0.62000
89566,2023,8,30,1.35000
89566,2023,8,31,0.03000
89566,2023,9,1,0.35000
89566,2023,9,2,0.70000
89566,2023,9,3,0.08000
89566,2023,9,4,0.00000
89566,2023,9,5,0.00000
89566,2023,9,6,0.00000
89566,2023,9,7,0.00000
89566,2023,9,8,0.00000
89566,2023,9,9,0.00000
89566,2023,9,10,0.00000
89566,2023,9,11,0.00000
89566,2023,9,12,0.07000
89566,2023,9,13,0.84000
89566,2023,9,14,0.00000
89566,2023,9,15,0.00000
89566,2023,9,16,1.90000
89566,2023,9,17,0.08000
89566,2023,9,18,0.07000
89566,2023,9,19,0.00000
89566,2023,9,20,0.00000
89566,2023,9,21,0.00000
89566,2023,9,22,0.00000
89566,2023,9,23,4.50000
89566,2023,9,24,0.00000
89566,2023,9,25,0.00000
89566,2023,9,26,4.50000
89566,2023,9,27,1.00000
89566,2023,9,28,0.05000
89566,2023,9,29,0.00000
89566,2023,9,30,0.00000
89566,2023,10,1,0.00000
89566,2023,10,2,0.00000
89566,2023,10,3,0.00000
89566,2023,10,4,0.00000
89566,2023,10,5,0.00000
89566,2023,10,6,0.00000
89566,2023,10,7,0.00000
89566,2023,10,8,0.00000
89566,2023,10,9,0.00000
89566,2023,10,10,0.00000
89566,2023,10,11,0.00000
89566,2023,10,12,2.95000
89566,2023,10,13,0.05000
89566,2023,10,14,0.00000
89566,2023,10,15,0.00000
89566,2023,10,16,0.00000
89566,2023,10,17,0.00000
89566,2023,10,18,0.00000
89566,2023,10,19,0.00000
89566,2023,10,20,0.00000
89566,2023,10,21,0.00000
89566,2023,10,22,0.00000
89566,2023,10,23,0.00000
89566,2023,10,24,0.00000
89566,2023,10,25,0.00000
89566,2023,10,26,0.00000
89566,2023,10,27,0.00000
89566,2023,10,28,0.00000
89566,2023,10,29,0.00000
89566,2023,10,30,0.00000
89566,2023,10,31,0.00000
89566,2023,11,1,0.00000
89566,2023,11,2,0.00000
89566,2023,11,3,0.00000
89566,2023,11,4,0.00000
89566,2023,11,5,0.00000
89566,2023,11,6,0.00000
89566,2023,11,7,0.00000
89566,2023,11,8,0.00000
89566,2023,11,9,0.00000
89566,2023,11,10,0.00000
89566,2023,11,11,0.00000
89566,2023,11,12,0.00000
89566,2023,11,13,0.00000
89566,2023,11,14,0.00000
89566,2023,11,15,0.50000
89566,2023,11,16,0.10000
89566,2023,11,17,0.00000
89566,2023,11,18,0.00000
89566,2023,11,19,0.00000
89566,2023,11,20,0.00000
89566,2023,11,21,0.00000
89566,2023,11,22,0.45000
89566,2023,11,23,0.00000
89566,2023,11,24,0.10000
89566,2023,11,25,0.00000
89566,2023,11,26,0.27000
89566,2023,11,27,2.15000
89566,2023,11,28,0.00000
89566,2023,11,29,0.00000
89566,2023,11,30,0.00000
89566,2023,12,1,0.00000
89566,2023,12,2,2.35000
89566,2023,12,3,5.14000
89566,2023,12,4,0.15000
89566,2023,12,5,0.00000
89566,2023,12,6,0.00000
89566,2023,12,7,0.00000
89566,2023,12,8,0.00000
89566,2023,12,9,0.00000
89566,2023,12,10,4.00000
89566,2023,12,11,1.40000
89566,2023,12,12,0.00000
89566,2023,12,13,0.00000
89566,2023,12,14,0.00000
89566,2023,12,15,0.00000
89566,2023,12,16,0.40000
89566,2023,12,17,1.15000
89566,2023,12,18,0.00000
89566,2023,12,19,0.00000
89566,2023,12,20,0.00000
89566,2023,12,21,0.00000
89566,2023,12,22,0.00000
89566,2023,12,23,0.00000
89566,2023,12,24,0.00000
89566,2023,12,25,0.30000
89566,2023,12,26,0.10000
89566,2023,12,27,0.00000
89566,2023,12,28,0.05000
89566,2023,12,29,0.00000
89566,2023,12,30,-99.99000
89566,2023,12,31,-99.99000
89566,2024,1,1,0.00000
89566,2024,1,2,0.00000
89566,2024,1,3,0.00000
89566,2024,1,4,0.00000
89566,2024,1,5,0.00000
89566,2024,1,6,2.58000
89566,2024,1,7,0.00000
89566,2024,1,8,0.00000
89566,2024,1,9,0.37000
89566,2024,1,10,0.50000
89566,2024,1,11,0.00000
89566,2024,1,12,0.00000
89566,2024,1,13,0.00000
89566,2024,1,14,0.00000
89566,2024,1,15,0.00000
89566,2024,1,16,0.57000
89566,2024,1,17,0.00000
89566,2024,1,18,0.00000
89566,2024,1,19,0.20000
89566,2024,1,20,0.00000
89566,2024,1,21,0.00000
89566,2024,1,22,0.00000
89566,2024,1,23,0.00000
89566,2024,1,24,0.00000
89566,2024,1,25,0.70000
89566,2024,1,26,0.20000
89566,2024,1,27,0.00000
89566,2024,1,28,0.20000
89566,2024,1,29,0.00000
89566,2024,1,30,0.00000
89566,2024,1,31,0.00000
89566,2024,2,1,0.00000
89566,2024,2,2,0.00000
89566,2024,2,3,0.00000
89566,2024,2,4,0.20000
89566,2024,2,5,2.10000
89566,2024,2,6,0.00000
89566,2024,2,7,0.00000
89566,2024,2,8,0.00000
89566,2024,2,9,0.00000
89566,2024,2,10,0.00000
89566,2024,2,11,0.00000
89566,2024,2,12,0.35000
89566,2024,2,13,0.65000
89566,2024,2,14,0.00000
89566,2024,2,15,0.00000
89566,2024,2,16,0.00000
89566,2024,2,17,0.30000
89566,2024,2,18,0.30000
89566,2024,2,19,0.00000
89566,2024,2,20,0.00000
89566,2024,2,21,0.00000
89566,2024,2,22,0.00000
89566,2024,2,23,0.00000
89566,2024,2,24,0.00000
89566,2024,2,25,0.00000
89566,2024,2,26,0.00000
89566,2024,2,27,0.00000
89566,2024,2,28,0.00000
89566,2024,2,29,0.00000
89566,2024,3,1,0.00000
89566,2024,3,2,0.10000
89566,2024,3,3,0.00000
89566,2024,3,4,0.00000
89566,2024,3,5,0.10000
89566,2024,3,6,2.25000
89566,2024,3,7,0.00000
89566,2024,3,8,0.00000
89566,2024,3,9,0.00000
89566,2024,3,10,0.55000
89566,2024,3,11,0.00000
89566,2024,3,12,0.00000
89566,2024,3,13,0.00000
89566,2024,3,14,0.00000
89566,2024,3,15,0.00000
89566,2024,3,16,0.02000
89566,2024,3,17,0.00000
89566,2024,3,18,0.37000
89566,2024,3,19,0.00000
89566,2024,3,20,0.00000
89566,2024,3,21,0.00000
89566,2024,3,22,0.00000
89566,2024,3,23,0.49000
89566,2024,3,24,0.00000
89566,2024,3,25,0.00000
89566,2024,3,26,0.00000
89566,2024,3,27,2.50000
89566,2024,3,28,0.00000
89566,2024,3,29,0.00000
89566,2024,3,30,0.00000
89566,2024,3,31,0.00000
89566,2024,4,1,0.00000
89566,2024,4,2,0.00000
89566,2024,4,3,0.46000
89566,2024,4,4,0.22000
89566,2024,4,5,0.00000
89566,2024,4,6,0.00000
89566,2024,4,7,0.00000
89566,2024,4,8,0.00000
89566,2024,4,9,0.00000
89566,2024,4,10,0.00000
89566,2024,4,11,5.95000
89566,2024,4,12,0.00000
89566,2024,4,13,0.00000
89566,2024,4,14,0.00000
89566,2024,4,15,0.00000
89566,2024,4,16,0.00000
89566,2024,4,17,0.00000
89566,2024,4,18,0.00000
89566,2024,4,19,0.00000
89566,2024,4,20,0.00000
89566,2024,4,21,0.00000
89566,2024,4,22,0.10000
89566,2024,4,23,0.00000
89566,2024,4,24,0.00000
89566,2024,4,25,0.00000
89566,2024,4,26,0.00000
89566,2024,4,27,0.00000
89566,2024,4,28,0.00000
89566,2024,4,29,0.00000
89566,2024,4,30,0.00000
89566,2024,5,1,0.00000
89566,2024,5,2,0.10000
89566,2024,5,3,0.00000
89566,2024,5,4,0.00000
89566,2024,5,5,0.06000
89566,2024,5,6,0.04000
89566,2024,5,7,0.00000
89566,2024,5,8,0.00000
89566,2024,5,9,0.00000
89566,2024,5,10,0.77000
89566,2024,5,11,0.00000
89566,2024,5,12,0.00000
89566,2024,5,13,0.00000
89566,2024,5,14,2.80000
89566,2024,5,15,0.05000
89566,2024,5,16,0.00000
89566,2024,5,17,0.23000
89566,2024,5,18,0.30000
89566,2024,5,19,0.15000
89566,2024,5,20,0.00000
89566,2024,5,21,0.00000
89566,2024,5,22,0.00000
89566,2024,5,23,0.00000
89566,2024,5,24,0.00000
89566,2024,5,25,0.00000
89566,2024,5,26,0.00000
89566,2024,5,27,0.00000
89566,2024,5,28,0.00000
89566,2024,5,29,0.00000
89566,2024,5,30,0.00000
89566,2024,5,31,0.00000
89566,2024,6,1,0.00000
89566,2024,6,2,1.30000
89566,2024,6,3,1.00000
89566,2024,6,4,1.00000
89566,2024,6,5,0.00000
89566,2024,6,6,0.00000
89566,2024,6,7,0.00000
89566,2024,6,8,0.00000
89566,2024,6,9,0.00000
89566,2024,6,10,0.00000
89566,2024,6,11,0.00000
89566,2024,6,12,0.00000
89566,2024,6,13,0.00000
89566,2024,6,14,0.00000
89566,2024,6,15,0.00000
89566,2024,6,16,0.00000
89566,2024,6,17,0.20000
89566,2024,6,18,0.00000
89566,2024,6,19,0.07000
89566,2024,6,20,0.00000
89566,2024,6,21,0.30000
89566,2024,6,22,0.00000
89566,2024,6,23,0.00000
89566,2024,6,24,0.00000
89566,2024,6,25,0.30000
89566,2024,6,26,0.00000
89566,2024,6,27,0.25000
89566,2024,6,28,0.10000
89566,2024,6,29,0.25000
89566,2024,6,30,0.17000
89566,2024,7,1,0.15000
89566,2024,7,2,0.65000
89566,2024,7,3,1.00000
89566,2024,7,4,0.00000
89566,2024,7,5,0.00000
89566,2024,7,6,0.00000
89566,2024,7,7,0.00000
89566,2024,7,8,0.22000
89566,2024,7,9,0.05000
89566,2024,7,10,0.30000
89566,2024,7,11,0.00000
89566,2024,7,12,0.00000
89566,2024,7,13,0.10000
89566,2024,7,14,0.10000
89566,2024,7,15,0.00000
89566,2024,7,16,0.00000
89566,2024,7,17,0.10000
89566,2024,7,18,0.15000
89566,2024,7,19,0.53000
89566,2024,7,20,0.03000
89566,2024,7,21,0.80000
89566,2024,7,22,0.70000
89566,2024,7,23,0.10000
89566,2024,7,24,-99.99000
89566,2024,7,25,-99.99000
89566,2024,7,26,-99.99000
89566,2024,7,27,-99.99000
89566,2024,7,28,-99.99000
89566,2024,7,29,-99.99000
89566,2024,7,30,-99.99000
89566,2024,7,31,-99.99000
89566,2024,8,1,0.00000
89566,2024,8,2,0.50000
89566,2024,8,3,0.12000
89566,2024,8,4,0.03000
89566,2024,8,5,0.10000
89566,2024,8,6,0.00000
89566,2024,8,7,0.00000
89566,2024,8,8,0.00000
89566,2024,8,9,0.00000
89566,2024,8,10,0.00000
89566,2024,8,11,0.46000
89566,2024,8,12,0.00000
89566,2024,8,13,0.00000
89566,2024,8,14,0.00000
89566,2024,8,15,0.00000
89566,2024,8,16,0.00000
89566,2024,8,17,0.00000
89566,2024,8,18,0.00000
89566,2024,8,19,2.85000
89566,2024,8,20,0.00000
89566,2024,8,21,0.00000
89566,2024,8,22,0.00000
89566,2024,8,23,0.00000
89566,2024,8,24,0.00000
89566,2024,8,25,0.00000
89566,2024,8,26,0.00000
89566,2024,8,27,0.15000
89566,2024,8,28,0.00000
89566,2024,8,29,0.20000
89566,2024,8,30,0.00000
89566,2024,8,31,0.00000
89566,2024,9,1,0.00000
89566,2024,9,2,0.00000
89566,2024,9,3,0.00000
89566,2024,9,4,0.45000
89566,2024,9,5,0.06000
89566,2024,9,6,0.30000
89566,2024,9,7,0.50000
89566,2024,9,8,0.18000
89566,2024,9,9,0.18000
89566,2024,9,10,0.00000
89566,2024,9,11,0.00000
89566,2024,9,12,0.95000
89566,2024,9,13,2.00000
89566,2024,9,14,1.85000
89566,2024,9,15,0.00000
89566,2024,9,16,0.10000
89566,2024,9,17,0.00000
89566,2024,9,18,1.15000
89566,2024,9,19,0.15000
89566,2024,9,20,0.00000
89566,2024,9,21,0.00000
89566,2024,9,22,0.00000
89566,2024,9,23,0.00000
89566,2024,9,24,0.00000
89566,2024,9,25,0.00000
89566,2024,9,26,2.00000
89566,2024,9,27,7.30000
89566,2024,9,28,0.00000
89566,2024,9,29,0.00000
89566,2024,9,30,0.00000
89566,2024,10,1,-99.99000
89566,2024,10,2,-99.99000
89566,2024,10,3,-99.99000
89566,2024,10,4,-99.99000
89566,2024,10,5,-99.99000
89566,2024,10,6,-99.99000
89566,2024,10,7,-99.99000
89566,2024,10,8,-99.99000
89566,2024,10,9,-99.99000
89566,2024,10,10,-99.99000
89566,2024,10,11,-99.99000
89566,2024,10,12,-99.99000
89566,2024,10,13,-99.99000
89566,2024,10,14,-99.99000
89566,2024,10,15,-99.99000
89566,2024,10,16,-99.99000
89566,2024,10,17,-99.99000
89566,2024,10,18,-99.99000
89566,2024,10,19,-99.99000
89566,2024,10,20,-99.99000
89566,2024,10,21,-99.99000
89566,2024,10,22,-99.99000
89566,2024,10,23,-99.99000
89566,2024,10,24,-99.99000
89566,2024,10,25,-99.99000
89566,2024,10,26,-99.99000
89566,2024,10,27,-99.99000
89566,2024,10,28,-99.99000
89566,2024,10,29,-99.99000
89566,2024,10,30,-99.99000
89566,2024,10,31,-99.99000
89566,2024,11,1,-99.99000
89566,2024,11,2,-99.99000
89566,2024,11,3,-99.99000
89566,2024,11,4,-99.99000
89566,2024,11,5,-99.99000
89566,2024,11,6,-99.99000
89566,2024,11,7,-99.99000
89566,2024,11,8,-99.99000
89566,2024,11,9,-99.99000
89566,2024,11,10,-99.99000
89566,2024,11,11,-99.99000
89566,2024,11,12,-99.99000
89566,2024,11,13,-99.99000
89566,2024,11,14,-99.99000
89566,2024,11,15,-99.99000
89566,2024,11,16,-99.99000
89566,2024,11,17,-99.99000
89566,2024,11,18,-99.99000
89566,2024,11,19,-99.99000
89566,2024,11,20,-99.99000
89566,2024,11,21,-99.99000
89566,2024,11,22,-99.99000
89566,2024,11,23,-99.99000
89566,2024,11,24,-99.99000
89566,2024,11,25,-99.99000
89566,2024,11,26,-99.99000
89566,2024,11,27,-99.99000
89566,2024,11,28,-99.99000
89566,2024,11,29,-99.99000
89566,2024,11,30,-99.99000
89566,2024,12,1,-99.99000
89566,2024,12,2,-99.99000
89566,2024,12,3,-99.99000
89566,2024,12,4,-99.99000
89566,2024,12,5,-99.99000
89566,2024,12,6,-99.99000
89566,2024,12,7,-99.99000
89566,2024,12,8,-99.99000
89566,2024,12,9,-99.99000
89566,2024,12,10,-99.99000
89566,2024,12,11,-99.99000
89566,2024,12,12,-99.99000
89566,2024,12,13,-99.99000
89566,2024,12,14,-99.99000
89566,2024,12,15,-99.99000
89566,2024,12,16,-99.99000
89566,2024,12,17,-99.99000
89566,2024,12,18,-99.99000
89566,2024,12,19,-99.99000
89566,2024,12,20,-99.99000
89566,2024,12,21,-99.99000
89566,2024,12,22,-99.99000
89566,2024,12,23,-99.99000
89566,2024,12,24,-99.99000
89566,2024,12,25,-99.99000
89566,2024,12,26,-99.99000
89566,2024,12,27,-99.99000
89566,2024,12,28,-99.99000
89566,2024,12,29,-99.99000
89566,2024,12,30,-99.99000
89566,2024,12,31,-99.99000
89566,2025,1,1,0.00000
